model,threshold,accuracy,balanced_accuracy,macro_f1,weighted_f1,class_0_recall,class_1_recall,roc_auc,pr_auc
SMOTE 0.9 Logistic weight=balanced,0.43000000000000016,0.6828,0.640673023933443,0.6442459998087093,0.6761947581689283,0.48624862486248627,0.7950974230043998,0.703915952563201,0.7864335021477583
